aid;nombre;direccion;telefono
0;Dulce Viaje De vuelta al sol;Continuación Eslovenia 410 Edif. 042 , Depto. 915;56947485569
1;Avanti Viajes Sol De Estrella;Corredor Tabasco 878 221;56980839393
2;Más Luna Paraíso Global;Privada Norte Jaimes 160 590;56959132201
3;Neo Viajes Universo Turístico;Continuación Botswana 782 124;56967765575
4;Astral Viajes Travesía Express;Cerrada Kenya 607 Interior 714;56978043612
5;De vuelta al sol Supernova;Andador Norte Rico 980 Interior 801;56945774849
6;Ingenio Viajero Tiempo de Viaje;Calzada Romo 035 578;56941138002
7;Vuelta Total Vive Ahora;Diagonal Vélez 805 876;56961945799
8;Nova Adventure Aires Travel;Continuación Puebla 588 Interior 862;56902185051
9;Turisfront (Turismo sin fronteras) Destino Pasaporte;Retorno Sur Serna 338 Interior 411;56967473348
10;Triport Nuevo Horizonte;Diagonal Colima 867 Edif. 195 , Depto. 146;56942058449
11;Destino Pasaporte Más Luna;Viaducto Norte Lebrón 390 Interior 898;56947232584
12;Viaje Rail Triport;Periférico Querétaro 184 Edif. 216 , Depto. 223;56983258077
13;Ontario Viajes Alaspro;Cerrada Angola 951 498;56941132502
14;Full Travesia Mundo Imperial;Calle Veracruz de Ignacio de la Llave 208 Interior 059;56986628516
15;Tu Rumbo 360 Travesía Express;Continuación Uganda 957 848;56992894450
16;Viaja para Contar D-Relax;Boulevard Sur Loya 327 Edif. 364 , Depto. 779;56993204487
17;En La Ruta Vive Ahora;Privada Sur Carrión 943 519;56912041911
18;Alastrip Astral Viajes;Boulevard Tlaxcala 960 793;56986391982
19;Paso De Viaje Sol De Estrella;Cerrada México 196 395;56986565441
20;Vaya Viajes! Nuevo Horizonte;Calle Norte Razo 664 Interior 727;56900900704
21;Giro 360 ViveGeo;Prolongación Portugal 874 744;56941278474
22;Aires Travel Travesía Express;Calle Sur Cortés 480 Edif. 534 , Depto. 329;56987616393
23;Supernova Alastrip;Viaducto Tamaulipas 910 Interior 207;56960725131
24;Tu Pasaporte Exploramos Agencia de Viajes;Periférico Sur Cornejo 812 Interior 417;56955721232
25;Puesta de sol Supernova;Corredor Altamirano 032 Edif. 524 , Depto. 264;56945588545
26;Turisfront (Turismo sin fronteras) Ingenio Viajero;Ampliación Norte Archuleta 756 477;56991773063
27;ViveGeo Viaja Lejos;Privada Djibouti 390 Edif. 619 , Depto. 702;56926930822
28;Tu Rumbo 360 Viajes Lux;Peatonal Guerrero 037 Interior 328;56989666250
29;De Viaje en Viaje Viajes Lux;Viaducto de la Garza 929 Interior 490;56911984994
30;Lánzate Viajes Astral Viajes;Callejón Morales 863 Interior 842;56988792700
31;Novo Viajes Tiempo de Viaje;Ampliación Arellano 867 Edif. 233 , Depto. 156;56951808147
32;La Porte Bay Viajes Cosmópolis;Cerrada Sur Peres 936 Interior 497;56944726386
33;Vaya Viajes! Viajes Lux;Retorno Palomo 641 937;56958167484
34;Paso De Viaje Travelmaniaco;Avenida Guanajuato 185 769;56990992020
35;Giro 360 Visión Viajera;Corredor Aguascalientes 296 Interior 341;56991485824
36;ViveGeo Travesía Viajera;Periférico Letonia 114 Interior 566;56928128356
37;Ruta 86 Cero Limites;Continuación Tejada 666 328;56976570133
38;Viaje Rail Travelmaniaco;Boulevard Niger 714 967;56960990309
39;Exploramos Agencia de Viajes Nova Adventure;Avenida Olmos 246 454;56944107621
40;Ontario Viajes Ingenio Viajero;Eje vial Baja California 035 Interior 900;56948477083
41;Travesía Express Giro 360;Calle Andorra 242 Interior 788;56954454126
42;Puesta de sol D-Relax;Cerrada Sur Garay 790 Interior 958;56960402561
43;Full Travesia Novo Viajes;Andador Oaxaca 466 Interior 079;56977308179
44;Viajero Itinerante Ruta 100%;Corredor Norte Centeno 377 Interior 011;56902939309
45;Viaja para Contar Travesía Viajera;Boulevard Tamaulipas 065 Edif. 498 , Depto. 898;56907862442
46;Mundo Explorador Punto de Partida;Periférico Sur Tórrez 477 Edif. 909 , Depto. 042;56963166988
47;Tourx Punto de Partida;Andador Soto 160 594;56968582827
48;Guía Travel D-Relax;Circunvalación Varela 837 Interior 306;56989135727
49;Universo Turístico Órbita Viajera;Corredor Limón 277 898;56970074351
50;Innovate Supernova;Prolongación Norte Nieto 991 864;56915997407
51;De vuelta al sol Guía Travel;Diagonal Bélgica 624 082;56912457459
52;Avanti Viajes Expertus;Calzada Chiapas 660 783;56931414741
53;Nova Adventure Ingenio Viajero;Calzada Durango 150 283;56970193957
54;Tu Pasaporte Mundo Explorador;Ampliación Antigua y Barbuda 874 Edif. 458 , Depto. 772;56900062550
55;Avanti Viajes Viaja para Contar;Calle Montenegro 907 Interior 685;56921371481
56;Novo Viajes Destino Pasaporte;Circunvalación Norte Pérez 853 044;56984743009
57;Universo Turístico Paraíso Global;Continuación Feliciano 410 350;56979860137
58;Viaje Rail Guía Travel;Calzada Almaraz 942 795;56928764977
59;De vuelta al sol Astral Viajes;Peatonal Norte Altamirano 279 Edif. 211 , Depto. 455;56949641865
60;Sol De Estrella Full Travesia;Cerrada Somalia 222 Edif. 416 , Depto. 898;56993700942
61;Qualá Viajes Nómada Tours;Prolongación Tamaulipas 480 Edif. 416 , Depto. 968;56928350070
62;Destino Paraíso Supernova;Privada Cortés 947 Interior 111;56913992114
63;Alaspro D-Relax;Eje vial Camboya 415 575;56950235163
64;En La Ruta Mentawai;Boulevard Palau 835 Interior 347;56941382089
65;Viaje Rail Avanti Viajes;Periférico Veracruz de Ignacio de la Llave 619 019;56955549545
66;Dulce Viaje Ingenio Viajero;Avenida Aranda 875 642;56901324024
67;En La Ruta Viajero Itinerante;Diagonal Chapa 287 Edif. 082 , Depto. 127;56950010694
68;Giro 360 Mentawai;Andador Norte Arguello 635 Interior 921;56970552807
69;Almeda Tours Travesía Express;Continuación Ureña 913 182;56998633044
70;Paraíso Global Tu Rumbo 360;Viaducto Túnez 836 Edif. 949 , Depto. 320;56962812062
71;Qualá Viajes En La Ruta;Circunvalación Barrios 598 Edif. 896 , Depto. 770;56978918376
72;Viajero Itinerante Rutas de Viaje;Eje vial Kirguistán 957 Edif. 645 , Depto. 762;56927034952
73;Lánzate Viajes Nova Adventure;Pasaje Nauru 881 551;56969367381
74;Travesía Viajera Viajes Cosmópolis;Retorno Montañez 555 Edif. 460 , Depto. 402;56901398721
75;Astral Viajes Paso De Viaje;Calzada Liechtenstein 102 Edif. 076 , Depto. 985;56911461585
76;La Porte Bay Turisfront (Turismo sin fronteras);Circunvalación Michoacán de Ocampo 050 Edif. 156 , Depto. 815;56977153162
77;Paraíso Global ViveGeo;Continuación Sonora 116 636;56928759936
78;Travelmaniaco Giro 360;Periférico Colunga 859 Interior 334;56945376932
79;Destino Pasaporte Qualá Viajes;Retorno Ledesma 458 Interior 149;56921697912
80;Dulce Viaje Neo Viajes;Circunvalación Aguascalientes 588 330;56927255272
81;Neo Viajes De Viaje en Viaje;Circuito Cabo Verde 648 Interior 394;56909568196
82;Lánzate Viajes Viaja Lejos;Boulevard Granada 002 Edif. 445 , Depto. 509;56930773548
83;Rutas de Viaje Cero Limites;Periférico Austria 235 Interior 790;56991092485
84;Más Luna Travelmaniaco;Cerrada Collado 185 Edif. 579 , Depto. 357;56990956974
85;Nova Adventure Ruta 100%;Calle Kazajstán 939 146;56907844077
86;Viajero Itinerante Astral Viajes;Continuación Sur Cornejo 128 Interior 525;56933675523
87;Expertus Travelmaniaco;Periférico Cervantes 329 469;56921690623
88;De vuelta al sol Viajero Itinerante;Peatonal Naranjo 601 Interior 498;56948753459
89;Destino Paraíso Dulce Viaje;Ampliación Nuevo León 131 Edif. 451 , Depto. 954;56994197765
90;Vaya Viajes! De Vuelta al Mundo;Corredor Arias 694 Edif. 465 , Depto. 561;56917675492
91;Ruta 100% Rutas de Viaje;Boulevard Durango 686 Interior 553;56995575004
92;Punto de Partida Universo Turístico;Avenida Tayikistán 675 Edif. 368 , Depto. 986;56968493605
93;Qualá Viajes Guía Travel;Retorno Zacatecas 420 Edif. 172 , Depto. 763;56991748948
94;Rutas de Viaje Ruta 86;Circunvalación Túnez 419 390;56956751116
95;La Porte Bay Ingenio Viajero;Andador Santiago 529 296;56977833983
96;Sol De Estrella Mundo Imperial;Avenida Aguascalientes 740 Edif. 825 , Depto. 679;56914576710
97;Vaya Viajes! Novo Viajes;Retorno Jalisco 869 648;56901855812
98;Paraíso Global Giro 360;Periférico Querétaro 458 586;56997226788
99;Mentawai La Nueva Ruta;Peatonal Norte Candelaria 506 Edif. 525 , Depto. 455;56991024732
100;Tu Pasaporte Puesta de sol;Diagonal Veracruz de Ignacio de la Llave 184 239;56950926183
101;Punto de Partida Rutas de Viaje;Retorno Sur Medina 747 Edif. 701 , Depto. 080;56948362111
102;Mundo Explorador Travesía Express;Privada Venezuela 621 Interior 463;56925991655
103;Qualá Viajes Viajero Naútico;Callejón Montenegro 100 Interior 334;56961271086
104;Novo Viajes Triport;Periférico Baja California Sur 140 Edif. 208 , Depto. 105;56905696677
105;Vuelta Total En La Ruta;Circuito Hidalgo 128 Interior 434;56972963604
106;Alastrip Rutas de Viaje;Corredor Jiménez 069 Interior 576;56942089416
107;De Vuelta al Mundo Universo Turístico;Boulevard Veracruz de Ignacio de la Llave 151 Edif. 239 , Depto. 965;56930783787
108;Nova Adventure Dulce Viaje;Prolongación Jaime 872 007;56989570004
109;La Nueva Ruta Tourx;Calle Yucatán 613 Edif. 773 , Depto. 633;56956146763
110;Cero Limites Nova Adventure;Viaducto Samoa 752 Edif. 773 , Depto. 731;56965484428
111;Viajes Cosmópolis Vuelta Total;Pasaje Madrid 124 Edif. 573 , Depto. 660;56974222043
112;Viajes Lux Punto de Partida;Viaducto Norte Ballesteros 499 Interior 692;56937593739
113;De vuelta al sol Sol De Estrella;Boulevard Baja California 723 370;56977859782
114;Viajero Naútico Viajes Lux;Calzada Jalisco 535 Edif. 027 , Depto. 501;56926729456
115;Nómada Tours Viaja Lejos;Corredor Querétaro 361 817;56999440045
116;Aires Travel Alastrip;Circuito Sur Barela 363 Interior 675;56977413299
117;Viaje Rail Nova Adventure;Calle Maldivas 187 Edif. 807 , Depto. 248;56953252167
118;Qualá Viajes Travelmaniaco;Ampliación Colima 469 Edif. 416 , Depto. 329;56960451135
119;Almeda Tours Más Luna;Boulevard Norte Sánchez 427 Edif. 594 , Depto. 308;56952682358
120;Destino Pasaporte Planifica Tours;Callejón Tabasco 747 Edif. 533 , Depto. 798;56901817688
121;Travesía Viajera D-Relax;Andador Sur de León 857 418;56917701465
122;D-Relax Neo Viajes;Pasaje Turkmenistán 800 Interior 205;56916825969
123;Paraíso Global Ontario Viajes;Peatonal México 522 Interior 237;56972525520
124;Mapa Viajero Mentawai;Andador Sur Zamora 851 Edif. 841 , Depto. 754;56908010117
125;Mentawai Viajero Itinerante;Privada Reino Unido de Gran Bretaña e Irlanda del Norte 243 Interior 536;56922398240
126;Rutas de Viaje Guía Travel;Retorno Durango 050 068;56915303110
127;Viaja Lejos Punto de Partida;Circunvalación Túnez 610 889;56949579256
128;Más Luna Vive Ahora;Corredor Sur Gonzales 648 Edif. 427 , Depto. 072;56955004989
129;Nuevo Horizonte Sol De Estrella;Eje vial Sur Huerta 152 674;56956658757
130;Órbita Viajera Sol De Estrella;Continuación Cardenas 001 121;56965088948
131;Viajero Naútico Vuelta Total;Avenida Tabasco 273 Edif. 885 , Depto. 068;56988016156
132;Lánzate Viajes Avanti Viajes;Retorno de la Crúz 554 569;56924890519
133;Lánzate Viajes Ruta 86;Prolongación Mireles 049 398;56908573748
134;Vive Ahora Novo Viajes;Eje vial Sur Calvillo 012 Edif. 490 , Depto. 695;56945048566
135;Ingenio Viajero Más Luna;Avenida Guerrero 005 Interior 692;56979855893
136;Full Travesia Qualá Viajes;Pasaje Guatemala 609 Edif. 442 , Depto. 264;56939405592
137;Mundo Explorador Supernova;Calle Querétaro 364 Interior 732;56938908548
138;Paso De Viaje Aires Travel;Calle Guanajuato 796 Interior 930;56997616644
139;Exploramos Agencia de Viajes ViveGeo;Avenida Alcántar 705 Interior 602;56983954255
140;Nuevo Horizonte Viajero Naútico;Viaducto Sinaloa 000 871;56934216906
141;Aires Travel Tiempo de Viaje;Pasaje Chiapas 098 872;56956091175
142;Viajes Lux Paraíso Global;Viaducto Turquía 050 Interior 766;56916213865
143;Viajero Naútico Destino Paraíso;Viaducto Sur Gamez 382 Interior 455;56946462300
144;Ontario Viajes Mentawai;Andador Oaxaca 856 Interior 503;56905719442
145;Astral Viajes Destino Paraíso;Calzada Mongolia 232 371;56995034143
146;Nómada Tours Alaspro;Ampliación República de Moldova 054 Interior 089;56915640925
147;Supernova Nova Adventure;Ampliación Puebla 817 Edif. 653 , Depto. 449;56925275248
148;Paraíso Global Avanti Viajes;Calzada Cotto 048 Edif. 179 , Depto. 253;56967637581
149;Astral Viajes Paraíso Global;Prolongación Aguilar 412 Edif. 927 , Depto. 051;56984344329
150;Viaje Rail Viajes Lux;Callejón Tlaxcala 692 Interior 719;56958205428
151;Exploramos Agencia de Viajes Ruta 100%;Privada Norte Feliciano 211 Edif. 872 , Depto. 390;56992413870
152;ViveGeo D-Relax;Continuación Irlanda 876 Edif. 621 , Depto. 887;56968540292
153;Viajero Naútico D-Relax;Circunvalación Norte Piña 029 Interior 366;56910512639
154;Planifica Tours Mentawai;Calle Sur Matos 522 Edif. 061 , Depto. 669;56991781766
155;Tu Rumbo 360 Astral Viajes;Privada China 548 Edif. 644 , Depto. 350;56963301603
156;De Viaje en Viaje Alaspro;Calzada Sur Saldaña 921 Edif. 676 , Depto. 500;56947394330
157;Nova Adventure Tu Pasaporte;Privada Almonte 620 Interior 443;56974368661
158;Puesta de sol Rutas de Viaje;Cerrada Santa Lucía 705 Interior 454;56933594356
159;Dulce Viaje Rutas de Viaje;Retorno Sur Medrano 663 Interior 632;56925680080
160;Qualá Viajes Nómada Tours;Circuito Tailandia 242 698;56935665197
161;Nómada Tours Vuelta Total;Privada Oaxaca 653 Interior 679;56968962810
162;Tiempo de Viaje Rutas de Viaje;Prolongación Myanmar 859 848;56954827301
163;Paraíso Global Novo Viajes;Ampliación Norte Villagómez 950 Interior 269;56927768125
164;Viaje Rail Turisfront (Turismo sin fronteras);Boulevard Costa Rica 910 Edif. 596 , Depto. 424;56994450792
165;Dulce Viaje Mapa Viajero;Peatonal Suecia 881 238;56909821976
166;Guía Travel Travesía Viajera;Boulevard Campeche 328 209;56917498989
167;Universo Turístico Alaspro;Pasaje Paraguay 890 212;56958188899
168;De Viaje en Viaje Viajero Itinerante;Retorno Berríos 091 518;56955780689
169;Nómada Tours Ontario Viajes;Circuito Domínguez 119 262;56994908742
170;Mundo Explorador Aires Travel;Viaducto Norte Palomino 048 729;56985584234
171;Universo Turístico Visión Viajera;Diagonal Sinaloa 906 Edif. 492 , Depto. 774;56930338632
172;Tourx Almeda Tours;Periférico Mendoza 230 Edif. 897 , Depto. 695;56917475079
173;Viaje Rail Innovate;Circuito Baja California Sur 862 Edif. 079 , Depto. 287;56974008890
174;Planifica Tours Puesta de sol;Pasaje Guyana 898 207;56972043244
175;Órbita Viajera De vuelta al sol;Calzada Chiapas 535 Edif. 413 , Depto. 574;56932219700
176;Tourx Novo Viajes;Diagonal Chiapas 559 Interior 750;56964906553
177;Universo Turístico Full Travesia;Continuación Mónaco 471 385;56973775843
178;Paso De Viaje Triport;Calzada Campeche 542 Interior 289;56931793409
179;Tiempo de Viaje Destino Paraíso;Ampliación Morelos 831 709;56961124128
180;Viajes Cosmópolis Tourx;Boulevard México 291 195;56911605914
181;Vive Ahora Viaja para Contar;Calzada República Árabe Siria 054 Edif. 713 , Depto. 870;56937424035
182;Tiempo de Viaje Giro 360;Cerrada México 529 Edif. 476 , Depto. 977;56995585140
183;Guía Travel Más Luna;Viaducto Yucatán 018 Edif. 563 , Depto. 333;56930820848
184;Ruta 86 Paso De Viaje;Cerrada Rodarte 010 Interior 921;56993535470
185;Punto de Partida Tourx;Circunvalación Zacatecas 259 211;56953734115
186;La Nueva Ruta Alaspro;Viaducto Marruecos 408 234;56991650112
187;Planifica Tours Tu Rumbo 360;Calzada Luxemburgo 083 043;56988449830
188;Vive Ahora Almeda Tours;Andador Norte Laureano 676 981;56928407617
189;Mundo Explorador Expertus;Circuito Norte Ortiz 942 Edif. 874 , Depto. 226;56958636095
190;Alastrip Travesía Viajera;Continuación Reyna 819 Edif. 372 , Depto. 449;56937596292
191;Universo Turístico Tiempo de Viaje;Andador Quintana Roo 189 Edif. 430 , Depto. 287;56913653962
192;Turisfront (Turismo sin fronteras) Sol De Estrella;Andador Eslovenia 157 Interior 172;56987003226
193;Astral Viajes Destino Pasaporte;Periférico Jalisco 226 245;56956000666
194;Viajero Naútico Ruta 100%;Retorno Myanmar 597 Interior 201;56982044512
195;Nuevo Horizonte Travesía Express;Corredor Quintana Roo 686 Interior 991;56908344378
196;Ruta 100% Nuevo Horizonte;Circuito Veracruz de Ignacio de la Llave 181 Edif. 640 , Depto. 072;56970360635
197;Novo Viajes Nova Adventure;Corredor Maestas 529 Interior 755;56968831622
198;Tourx Cero Limites;Corredor Nayarit 217 Edif. 648 , Depto. 539;56935127701
199;D-Relax Almeda Tours;Peatonal Nieto 103 Edif. 410 , Depto. 844;56906089810
200;Mundo Imperial Innovate;Pasaje Oaxaca 097 Interior 503;56973900833
201;Triport Viaja para Contar;Pasaje Sur Regalado 020 Edif. 392 , Depto. 128;56938878543
202;Turisfront (Turismo sin fronteras) Tu Pasaporte;Andador Alcala 328 241;56937923869
203;Paso De Viaje Expertus;Calle Henríquez 220 172;56962792852
204;Neo Viajes Vaya Viajes!;Cerrada Bulgaria 749 Interior 206;56989290395
205;Viaja para Contar Neo Viajes;Avenida Norte Gutiérrez 386 530;56959695457
206;Astral Viajes De Vuelta al Mundo;Andador Oaxaca 730 Interior 130;56913255420
207;Astral Viajes Tourx;Eje vial Tlaxcala 900 911;56986006321
208;Tourx Travesía Viajera;Ampliación Países Bajos 305 994;56901602234
209;Cero Limites Nova Adventure;Prolongación Puebla 746 Edif. 981 , Depto. 002;56902601573
210;Giro 360 Triport;Diagonal República Centroafricana 084 807;56971960215
211;D-Relax Vaya Viajes!;Callejón Nayarit 047 Interior 901;56951088038
212;Avanti Viajes Paraíso Global;Viaducto Argentina 361 460;56974129508
213;Ingenio Viajero ViveGeo;Boulevard Portugal 648 Interior 565;56931223733
214;Viajero Itinerante Guía Travel;Andador Rosales 123 Interior 185;56977395030
215;Tu Rumbo 360 Universo Turístico;Privada Tamaulipas 899 348;56992928369
216;Viajes Cosmópolis Expertus;Periférico Rangel 547 734;56936971985
217;Paso De Viaje De vuelta al sol;Peatonal Sudáfrica 654 082;56951486845
218;Expertus D-Relax;Continuación Camarillo 746 595;56928879534
219;Travesía Express Travelmaniaco;Calle Nayarit 852 244;56907169241
220;Mapa Viajero Viajero Naútico;Calle Sur Aponte 741 Interior 016;56921826308
221;Giro 360 La Nueva Ruta;Periférico Grecia 967 Edif. 812 , Depto. 088;56929927447
222;De vuelta al sol Dulce Viaje;Eje vial Michoacán de Ocampo 791 249;56914249229
223;Vaya Viajes! Travesía Express;Cerrada Sudáfrica 247 712;56904306597
224;Nova Adventure Paraíso Global;Diagonal Congo 754 Interior 156;56909785683
225;Almeda Tours Exploramos Agencia de Viajes;Boulevard Guerrero 324 Edif. 451 , Depto. 339;56913442083
226;Triport Qualá Viajes;Callejón Munguía 055 513;56934246755
227;En La Ruta Mundo Imperial;Calle Oaxaca 999 658;56984463266
228;Travesía Viajera Giro 360;Retorno Marruecos 550 Interior 654;56960246775
229;Exploramos Agencia de Viajes Ruta 100%;Boulevard Zambrano 253 Edif. 890 , Depto. 764;56993216370
230;Supernova Viajero Itinerante;Avenida Norte Jaimes 734 Interior 419;56916576158
231;Expertus Guía Travel;Corredor Ávila 656 707;56917128303
232;Mundo Imperial Sol De Estrella;Avenida Nuevo León 409 Interior 976;56973608203
233;Nuevo Horizonte Alaspro;Avenida Sur Negrete 665 244;56936864864
234;Vive Ahora Travelmaniaco;Circunvalación Norte Delgado 852 Edif. 237 , Depto. 921;56917967248
235;Avanti Viajes Vaya Viajes!;Andador Sur Marrero 731 771;56950389739
236;Ruta 86 Rutas de Viaje;Circunvalación Israel 325 Edif. 880 , Depto. 789;56905455073
237;Giro 360 Alastrip;Callejón Rolón 516 792;56999265687
238;Cero Limites Viaje Rail;Corredor Baja California Sur 233 Edif. 474 , Depto. 055;56950900734
239;Paraíso Global ViveGeo;Calle Yucatán 267 Interior 359;56960844762
240;Destino Pasaporte Travesía Viajera;Circuito Norte Serrato 914 Edif. 892 , Depto. 671;56950416818
241;De Viaje en Viaje Ingenio Viajero;Andador Gastélum 593 456;56902888285
242;Punto de Partida Nova Adventure;Peatonal Norte Altamirano 235 Edif. 937 , Depto. 912;56983515241
243;Viaja para Contar Cero Limites;Calzada Zacatecas 165 Interior 815;56930328535
244;Paso De Viaje Destino Paraíso;Peatonal de la Rosa 072 Interior 668;56964867744
245;Lánzate Viajes Astral Viajes;Calle Yucatán 093 611;56930962704
246;De Viaje en Viaje La Porte Bay;Cerrada Suecia 802 Interior 561;56947838338
247;Astral Viajes Nova Adventure;Privada Norte Cardona 489 651;56912364249
248;Cero Limites Ingenio Viajero;Andador Pakistán 286 Edif. 781 , Depto. 203;56954997069
249;Full Travesia Tu Pasaporte;Calzada Nayarit 940 Edif. 684 , Depto. 358;56986711366
250;Exploramos Agencia de Viajes Travelmaniaco;Circunvalación Nicaragua 799 Edif. 623 , Depto. 643;56977971675
251;Viajero Itinerante Órbita Viajera;Corredor Norte Cadena 885 469;56939386530
252;De Viaje en Viaje Travesía Viajera;Prolongación Finlandia 119 Edif. 779 , Depto. 122;56907791882
253;ViveGeo Travesía Viajera;Avenida Curiel 123 200;56990664983
254;Viaja para Contar De Viaje en Viaje;Circuito Guinea Bissau 200 Edif. 965 , Depto. 641;56900526894
255;Ingenio Viajero En La Ruta;Cerrada República Checa 172 Edif. 057 , Depto. 923;56909830665
256;Punto de Partida Alastrip;Prolongación Colima 528 Interior 536;56953794161
257;Ruta 100% De Vuelta al Mundo;Pasaje Contreras 483 Interior 685;56900152981
258;Expertus Mundo Explorador;Periférico Norte Serrato 331 845;56904696329
259;Avanti Viajes Vive Ahora;Circunvalación Sur Aguilar 778 565;56909200139
260;Mundo Explorador Planifica Tours;Prolongación México 473 Interior 218;56969870246
261;Travesía Express Travesía Express;Viaducto Reséndez 671 545;56943880105
262;Puesta de sol Exploramos Agencia de Viajes;Cerrada Santo Tomé y Príncipe 770 Edif. 506 , Depto. 574;56972308904
263;Rutas de Viaje Tiempo de Viaje;Callejón Singapur 456 Interior 571;56901198452
264;Paraíso Global Viajero Naútico;Cerrada Guillen 828 Interior 193;56950212307
265;Ingenio Viajero ViveGeo;Retorno Sur Báez 295 362;56985061066
266;Cero Limites Vive Ahora;Viaducto Sur Caldera 929 Interior 166;56912500341
267;Órbita Viajera Full Travesia;Circuito Uribe 504 Interior 275;56945120637
268;Alaspro Mentawai;Diagonal Hungría 618 182;56919273380
269;Nuevo Horizonte Innovate;Avenida Jalisco 365 098;56932814568
270;Astral Viajes De Viaje en Viaje;Viaducto Borrego 421 Edif. 936 , Depto. 706;56934957551
271;Vive Ahora Ruta 86;Calle Baja California 282 Interior 958;56951445158
272;De Viaje en Viaje Vive Ahora;Circuito Sur Posada 200 863;56944673000
273;Astral Viajes D-Relax;Callejón Valdivia 972 Edif. 935 , Depto. 213;56939766214
274;Punto de Partida Supernova;Diagonal Chiapas 482 Interior 187;56999844879
275;Viajero Naútico Travesía Viajera;Privada Matías 636 Interior 682;56936923085
276;Tourx Full Travesia;Circuito Borrego 902 Edif. 159 , Depto. 938;56960357596
277;Más Luna Full Travesia;Eje vial Tamaulipas 651 Edif. 395 , Depto. 746;56905514952
278;Tu Rumbo 360 Aires Travel;Prolongación Jordania 656 Interior 501;56956351600
279;Mentawai Paraíso Global;Diagonal Galván 482 Edif. 871 , Depto. 725;56992076886
280;Destino Pasaporte Guía Travel;Andador Pakistán 113 Edif. 262 , Depto. 695;56919912681
281;Visión Viajera Viajes Lux;Corredor Veracruz de Ignacio de la Llave 101 194;56977377293
282;Ingenio Viajero La Nueva Ruta;Peatonal de la Crúz 174 274;56918928747
283;Viajero Itinerante Viaja para Contar;Diagonal Orta 290 710;56994280805
284;Viajes Lux Viajes Lux;Privada Norte Vásquez 945 042;56966907722
285;Avanti Viajes Ruta 100%;Andador Vigil 576 671;56970553936
286;ViveGeo Dulce Viaje;Continuación Guerra 985 969;56966414866
287;Almeda Tours Punto de Partida;Avenida Borrego 524 Edif. 729 , Depto. 773;56946493195
288;Guía Travel Giro 360;Calzada Eslovaquia 480 991;56906585700
289;Ruta 100% Nómada Tours;Ampliación Jamaica 250 473;56934543047
290;Nómada Tours Planifica Tours;Diagonal Gurule 312 Edif. 371 , Depto. 533;56907678458
291;Innovate Vive Ahora;Calle Nueva Zelandia 054 403;56918862404
292;Innovate Más Luna;Boulevard Hinojosa 174 145;56950992598
293;Supernova Mundo Imperial;Continuación Jalisco 981 Interior 445;56914367237
294;Viajes Cosmópolis Guía Travel;Periférico Bolivia 483 961;56942665660
295;Alastrip Viaje Rail;Privada Aguascalientes 534 Edif. 838 , Depto. 137;56939112601
296;Más Luna Alaspro;Calzada Norte Alcala 572 Interior 834;56996970515
297;Vuelta Total Innovate;Calzada Guanajuato 890 Interior 376;56983172548
298;Expertus Dulce Viaje;Avenida Sur Cordero 822 508;56928778043
299;De Vuelta al Mundo Más Luna;Peatonal Sur Preciado 110 Edif. 887 , Depto. 176;56986570606
300;Paso De Viaje Ingenio Viajero;Avenida Norte Guzmán 032 633;56911197427
301;La Porte Bay Almeda Tours;Avenida Botswana 755 188;56907678925
302;Vaya Viajes! ViveGeo;Ampliación Costa Rica 928 868;56976188108
303;Tu Pasaporte Destino Paraíso;Prolongación Leal 535 765;56903739250
304;Viajes Lux Paraíso Global;Callejón Omán 035 Interior 349;56948044817
305;De Viaje en Viaje Nuevo Horizonte;Ampliación Fierro 107 475;56934744365
306;Viaja Lejos Viaja Lejos;Andador Myanmar 560 045;56922988872
307;Planifica Tours Alaspro;Cerrada Morelos 198 948;56993705656
308;Travelmaniaco Travelmaniaco;Pasaje Brasil 822 038;56961243078
309;Supernova Full Travesia;Circuito Marroquín 310 904;56963572083
310;Full Travesia De Viaje en Viaje;Pasaje Tabasco 476 Interior 934;56975935156
311;Supernova Travesía Viajera;Circuito Tlaxcala 539 464;56930567099
312;Viajero Naútico Visión Viajera;Calle Sur Lozano 371 Edif. 927 , Depto. 649;56974736736
313;Viajes Lux Mapa Viajero;Eje vial Argentina 126 Interior 662;56979042522
314;Mundo Imperial Travelmaniaco;Circuito Sandoval 450 Edif. 140 , Depto. 274;56900178105
315;Universo Turístico Avanti Viajes;Prolongación Norte Nevárez 635 Interior 775;56946791168
316;Lánzate Viajes Viaja Lejos;Viaducto Trinidad y Tabago 791 Edif. 114 , Depto. 236;56960241237
317;Lánzate Viajes Viajero Naútico;Pasaje Nayarit 099 Edif. 695 , Depto. 196;56924149391
318;Visión Viajera Mundo Imperial;Continuación Montoya 349 Interior 213;56919617071
319;De Vuelta al Mundo Ruta 100%;Boulevard Ojeda 021 642;56915442886
320;Ingenio Viajero Viajes Lux;Circuito Lituania 307 Interior 682;56902592351
321;Mundo Imperial Expertus;Ampliación Querétaro 497 Edif. 353 , Depto. 771;56922312955
322;Turisfront (Turismo sin fronteras) Nuevo Horizonte;Corredor Norte Vélez 666 Edif. 464 , Depto. 143;56942843548
323;La Nueva Ruta Guía Travel;Callejón Verdugo 049 721;56927148495
324;Ruta 100% En La Ruta;Boulevard Norte Gómez 709 Edif. 465 , Depto. 214;56936073577
325;Avanti Viajes Nuevo Horizonte;Retorno Norte Gamboa 849 Interior 707;56982212926
326;Rutas de Viaje Supernova;Pasaje Nevárez 847 Interior 587;56916210494
327;Más Luna Puesta de sol;Diagonal Altamirano 827 Edif. 755 , Depto. 476;56916075710
328;Sol De Estrella Más Luna;Eje vial Sinaloa 884 279;56953046084
329;Triport Astral Viajes;Cerrada Sur Cortez 382 Edif. 747 , Depto. 581;56967421231
330;Giro 360 D-Relax;Boulevard de la O 970 208;56991127010
331;Dulce Viaje Visión Viajera;Privada Nueva Zelandia 407 Edif. 424 , Depto. 669;56962014564
332;Aires Travel Vuelta Total;Ampliación Barela 109 Interior 432;56921279901
333;Paraíso Global Punto de Partida;Corredor Bustamante 502 Interior 664;56972549811
334;Ruta 86 Ontario Viajes;Calzada Guinea Ecuatorial 177 Edif. 062 , Depto. 577;56966097524
335;Alastrip Exploramos Agencia de Viajes;Boulevard Urrutia 338 Edif. 382 , Depto. 016;56978620674
336;Sol De Estrella Destino Paraíso;Circunvalación Sur Armas 008 Edif. 215 , Depto. 521;56976134664
337;Travesía Express Astral Viajes;Pasaje Ballesteros 824 Interior 974;56916720555
338;Avanti Viajes Planifica Tours;Continuación Baja California 259 Edif. 581 , Depto. 200;56942908126
339;Mapa Viajero Punto de Partida;Calzada Norte Gallegos 253 113;56974738800
340;Rutas de Viaje Viajes Cosmópolis;Viaducto Sur Pérez 049 Interior 217;56929719628
341;Universo Turístico Vive Ahora;Calle Munguía 651 Interior 172;56996846440
342;Expertus Visión Viajera;Peatonal Yucatán 418 Interior 884;56990506691
343;ViveGeo Alaspro;Viaducto Norte Olivárez 784 Edif. 498 , Depto. 015;56990858347
344;De Vuelta al Mundo Rutas de Viaje;Corredor Sur Puente 861 Edif. 947 , Depto. 996;56952829511
345;Paraíso Global Viajes Cosmópolis;Eje vial Sur Esquivel 045 Edif. 752 , Depto. 519;56995809865
346;Viajes Lux Qualá Viajes;Andador Sur Tijerina 984 874;56977802643
347;Almeda Tours Ruta 100%;Calle República Democrática Popular Lao 155 Edif. 876 , Depto. 841;56974716440
348;Full Travesia La Nueva Ruta;Peatonal Sonora 185 922;56914130340
349;Tourx Destino Pasaporte;Continuación Aguilar 075 Edif. 774 , Depto. 968;56996660807
350;Travesía Viajera Viaje Rail;Diagonal Mongolia 425 Interior 922;56994244788
351;Travesía Viajera Órbita Viajera;Boulevard Distrito Federal 507 Edif. 489 , Depto. 128;56939220985
352;De vuelta al sol Vaya Viajes!;Andador Singapur 732 763;56956258358
353;Aires Travel Visión Viajera;Andador Pakistán 889 Interior 534;56920568114
354;Paso De Viaje Tu Rumbo 360;Callejón Sur Ávila 711 151;56993859176
355;Universo Turístico Ingenio Viajero;Andador Zimbabwe 673 Edif. 782 , Depto. 728;56958926640
356;Paso De Viaje Mundo Imperial;Prolongación Riojas 405 Edif. 177 , Depto. 223;56963422438
357;Viaje Rail Paso De Viaje;Viaducto Sur Chacón 283 Edif. 031 , Depto. 198;56963726402
358;Viajero Itinerante Full Travesia;Retorno Cadena 626 Interior 377;56915293640
359;Órbita Viajera Travelmaniaco;Andador Sur Bonilla 509 124;56942843586
360;Exploramos Agencia de Viajes Viajero Itinerante;Viaducto Chiapas 442 Interior 914;56988514222
361;Punto de Partida Tu Pasaporte;Circunvalación Arevalo 648 Edif. 829 , Depto. 130;56959744204
362;Mentawai Astral Viajes;Eje vial Valles 058 455;56929423447
363;De Vuelta al Mundo Viajes Lux;Callejón Djibouti 502 Edif. 890 , Depto. 312;56946796311
364;Ruta 86 Giro 360;Circuito Coahuila de Zaragoza 766 Interior 072;56912796335
365;Paraíso Global Guía Travel;Retorno Croacia 093 Interior 611;56912753115
366;Mentawai Puesta de sol;Peatonal Durango 832 Edif. 438 , Depto. 975;56931798597
367;Giro 360 De Vuelta al Mundo;Diagonal Cisneros 161 146;56969785468
368;Mundo Explorador Tu Pasaporte;Andador Norte Sotelo 443 755;56944474242
369;Astral Viajes Exploramos Agencia de Viajes;Diagonal Oaxaca 791 143;56902819812
370;Nova Adventure Punto de Partida;Peatonal Meléndez 704 672;56986765147
371;Vuelta Total Más Luna;Retorno Puebla 307 Interior 369;56912162389
372;En La Ruta Mundo Explorador;Pasaje República Dominicana 950 174;56972143790
373;Mapa Viajero Aires Travel;Andador Emiratos Árabes Unidos 766 Interior 001;56942709857
374;De vuelta al sol Expertus;Corredor Cabo Verde 586 162;56928818820
375;Travesía Viajera Puesta de sol;Eje vial Norte Puga 480 Interior 130;56999948516
376;Alastrip Turisfront (Turismo sin fronteras);Cerrada Francia 785 923;56945306742
377;Novo Viajes Destino Paraíso;Circuito Distrito Federal 494 110;56932208270
378;Astral Viajes De Viaje en Viaje;Calle Norte Vergara 361 Interior 321;56972243057
379;Vaya Viajes! Alaspro;Retorno Sur Borrego 979 034;56973039708
380;Alaspro Tu Pasaporte;Periférico Durango 863 Edif. 659 , Depto. 352;56990343653
381;Punto de Partida Viajero Naútico;Calle Aguascalientes 347 Interior 955;56953485565
382;Mentawai Viaja Lejos;Privada Llamas 898 Interior 792;56988649262
383;Tu Rumbo 360 Triport;Retorno Norte Gallegos 571 Edif. 421 , Depto. 413;56937077032
384;Más Luna Novo Viajes;Ampliación Sri Lanka 609 Edif. 053 , Depto. 764;56903860399
385;Almeda Tours Paraíso Global;Periférico Tamaulipas 266 Edif. 709 , Depto. 663;56924678653
386;Viajero Itinerante Innovate;Prolongación Hidalgo 536 Interior 397;56994260313
387;D-Relax Cero Limites;Prolongación Chihuahua 494 Edif. 770 , Depto. 716;56925712985
388;Dulce Viaje Turisfront (Turismo sin fronteras);Corredor Querétaro 565 Edif. 729 , Depto. 749;56958128881
389;Paso De Viaje Triport;Corredor Muñiz 297 Edif. 262 , Depto. 043;56980760464
390;Sol De Estrella Órbita Viajera;Ampliación Sierra Leona 511 Edif. 252 , Depto. 618;56935696895
391;Avanti Viajes Supernova;Cerrada México 564 Interior 222;56924064448
392;Ontario Viajes Astral Viajes;Cerrada Eslovenia 752 525;56905389120
393;Avanti Viajes Turisfront (Turismo sin fronteras);Continuación Tirado 556 Interior 941;56977429805
394;Universo Turístico Ontario Viajes;Continuación Oaxaca 271 562;56958445061
395;Sol De Estrella Alaspro;Retorno Seychelles 205 006;56906592113
396;Full Travesia Guía Travel;Callejón Tabasco 368 Edif. 420 , Depto. 601;56936469246
397;Viajero Itinerante Exploramos Agencia de Viajes;Cerrada Norte Rangel 683 442;56962570028
398;La Porte Bay Aires Travel;Continuación Eslovenia 823 Interior 456;56993202178
399;Visión Viajera Ontario Viajes;Boulevard Jalisco 204 Interior 199;56979281173
400;Puesta de sol Viajero Itinerante;Continuación Baja California 518 647;56903906396
401;Viajero Itinerante Viaje Rail;Circuito Puebla 809 075;56968260097
402;Tu Pasaporte Nuevo Horizonte;Andador Norte Segura 643 Edif. 237 , Depto. 870;56948041375
403;Lánzate Viajes Lánzate Viajes;Privada Norte Cardona 284 Edif. 184 , Depto. 243;56928062292
404;Tu Pasaporte Universo Turístico;Callejón Reino Unido de Gran Bretaña e Irlanda del Norte 242 557;56945080508
405;Novo Viajes Universo Turístico;Ampliación Norte Nájera 802 121;56945630825
406;Vive Ahora Astral Viajes;Calzada Ferrer 819 Interior 125;56966102611
407;Travelmaniaco D-Relax;Corredor Armenia 188 185;56995937636
408;Planifica Tours Novo Viajes;Retorno Iraq 516 Edif. 457 , Depto. 420;56982208072
409;Qualá Viajes La Porte Bay;Ampliación Nicaragua 122 Edif. 845 , Depto. 217;56922152816
410;Tourx Puesta de sol;Periférico Medina 256 379;56972202042
411;La Porte Bay En La Ruta;Eje vial Israel 347 981;56957404760
412;Guía Travel Supernova;Corredor Norte Manzanares 043 487;56940377627
413;Tiempo de Viaje Mentawai;Callejón Tabasco 533 Edif. 036 , Depto. 807;56914980967
414;Turisfront (Turismo sin fronteras) Novo Viajes;Andador Nueva Zelandia 169 Interior 716;56994490619
415;Qualá Viajes Punto de Partida;Viaducto Baja California Sur 796 Interior 710;56960860944
416;Rutas de Viaje Guía Travel;Eje vial Norte Aguilar 141 Edif. 546 , Depto. 580;56901890298
417;Destino Paraíso Viaja Lejos;Ampliación Campeche 106 Edif. 824 , Depto. 982;56941463917
418;Viajero Naútico Tourx;Viaducto Hidalgo 774 658;56960545714
419;Puesta de sol Qualá Viajes;Privada Chiapas 692 Interior 873;56993340369
420;Alastrip Mapa Viajero;Pasaje Colón 437 544;56994551372
421;Neo Viajes Giro 360;Ampliación Sur Almaraz 421 Edif. 668 , Depto. 198;56994876169
422;Avanti Viajes Vive Ahora;Cerrada Frías 314 976;56963270693
423;Universo Turístico Viajero Naútico;Retorno República Popular Democrática de Corea 093 Interior 284;56916238820
424;Mentawai Viaja para Contar;Diagonal Nayarit 149 Interior 584;56910564170
425;Alastrip De Viaje en Viaje;Corredor Farías 572 Edif. 253 , Depto. 135;56924582722
426;Aires Travel Viaja Lejos;Cerrada Guerrero 245 766;56953194974
427;Innovate Paraíso Global;Prolongación Norte Saavedra 400 Interior 743;56974779081
428;Viajero Itinerante Alastrip;Boulevard Chiapas 964 Interior 900;56901072321
429;Más Luna Planifica Tours;Continuación Durango 251 Interior 684;56923734160
430;Vuelta Total Turisfront (Turismo sin fronteras);Corredor Baja California 337 Interior 244;56916323083
431;Nova Adventure Viajero Itinerante;Prolongación Cortez 144 Edif. 959 , Depto. 902;56980789046
432;Rutas de Viaje Astral Viajes;Privada Puente 556 Edif. 042 , Depto. 150;56907220947
433;De Viaje en Viaje Tu Pasaporte;Retorno Sur Rivas 598 Interior 391;56970411218
434;Mentawai Tourx;Pasaje Norte Fajardo 189 742;56975544054
435;Ruta 100% Ontario Viajes;Peatonal Calderón 855 Edif. 013 , Depto. 763;56945394293
436;Nuevo Horizonte Puesta de sol;Diagonal Islas Marshall 571 Edif. 593 , Depto. 712;56968645587
437;Turisfront (Turismo sin fronteras) Exploramos Agencia de Viajes;Diagonal Norte Cadena 273 Interior 097;56953410752
438;Mapa Viajero Supernova;Eje vial Sur Jimínez 433 231;56938312262
439;Alaspro Viaja Lejos;Corredor Cazares 769 767;56995477155
440;Punto de Partida Puesta de sol;Retorno Yucatán 081 Interior 205;56975978835
441;Nova Adventure Paso De Viaje;Circuito Norte Verdugo 565 Edif. 511 , Depto. 640;56936110047
442;Almeda Tours Viajero Itinerante;Circuito Salgado 646 Interior 503;56990737125
443;Cero Limites Nómada Tours;Andador Roybal 391 Interior 575;56901334755
444;Mundo Imperial Expertus;Peatonal Sur Barreto 015 Interior 941;56912079651
445;Tiempo de Viaje Novo Viajes;Periférico Sur Báez 028 Edif. 136 , Depto. 819;56961916355
446;Full Travesia Viajes Cosmópolis;Viaducto Acosta 129 Edif. 343 , Depto. 396;56904743264
447;Más Luna Vaya Viajes!;Continuación Zacatecas 797 282;56926712882
448;Alastrip Viajero Itinerante;Diagonal Santa Lucía 862 210;56943262941
449;Vive Ahora Vaya Viajes!;Viaducto Preciado 297 Edif. 234 , Depto. 449;56969655919
450;Mundo Imperial Nómada Tours;Retorno Avilés 222 Edif. 178 , Depto. 185;56985636949
451;Vaya Viajes! De vuelta al sol;Calle Croacia 149 Edif. 666 , Depto. 427;56979254065
452;Destino Pasaporte Avanti Viajes;Peatonal Sur Vélez 536 931;56962784195
453;Guía Travel Ruta 100%;Peatonal Robles 805 072;56976548239
454;Mapa Viajero Cero Limites;Privada Zacatecas 868 Interior 387;56922916028
455;Paraíso Global Tiempo de Viaje;Viaducto Alvarez 704 Edif. 055 , Depto. 764;56971764775
456;Mentawai Avanti Viajes;Eje vial Guanajuato 035 Edif. 130 , Depto. 925;56998971966
457;De Vuelta al Mundo La Porte Bay;Circuito Valentín 156 070;56972816165
458;Tu Pasaporte Nova Adventure;Retorno Ávila 874 Interior 107;56921905256
459;Supernova Avanti Viajes;Prolongación San Luis Potosí 122 156;56920130247
460;Visión Viajera Viajes Lux;Diagonal Valdez 198 Interior 718;56933544610
461;Mapa Viajero Exploramos Agencia de Viajes;Calle Finlandia 636 037;56947906410
462;Qualá Viajes Turisfront (Turismo sin fronteras);Cerrada Sur Venegas 170 Edif. 882 , Depto. 076;56976144052
463;Nova Adventure Expertus;Boulevard Quintana Roo 482 Interior 685;56940731751
464;Guía Travel Vaya Viajes!;Corredor Rascón 922 Interior 838;56992588489
465;Viajero Itinerante Almeda Tours;Callejón Cervantes 112 Interior 735;56963738758
466;Viajes Cosmópolis Tu Rumbo 360;Callejón Anguiano 330 Edif. 931 , Depto. 962;56928558988
467;Vaya Viajes! Ruta 100%;Corredor Norte Serrano 534 Interior 349;56949551981
468;Viajero Itinerante Viajes Lux;Circunvalación Puebla 102 Interior 429;56995562475
469;Paso De Viaje Planifica Tours;Boulevard Sur Zamora 624 818;56969581841
470;Viaja Lejos Mundo Explorador;Boulevard Indonesia 957 Interior 233;56980945132
471;Paraíso Global Tu Rumbo 360;Pasaje Norte Durán 217 Edif. 923 , Depto. 874;56999923997
472;Ruta 86 Viajes Cosmópolis;Calzada Norte Franco 623 Interior 486;56917081003
473;Lánzate Viajes Neo Viajes;Calle Norte Cardona 896 Edif. 523 , Depto. 268;56949125961
474;Ontario Viajes Novo Viajes;Eje vial Norte Carvajal 620 555;56921063649
475;Turisfront (Turismo sin fronteras) Nova Adventure;Boulevard Frías 273 Edif. 467 , Depto. 210;56959282310
476;Vuelta Total De Viaje en Viaje;Continuación Bustamante 430 Edif. 974 , Depto. 328;56908652159
477;La Nueva Ruta Tu Pasaporte;Calzada Suiza 164 Edif. 885 , Depto. 200;56986391409
478;Mentawai Dulce Viaje;Corredor Dominicana 991 Interior 430;56956954254
479;Mundo Explorador Nómada Tours;Peatonal Bahamas 498 Edif. 432 , Depto. 252;56916285967
480;Novo Viajes Guía Travel;Viaducto Morelos 074 146;56920734026
481;Mentawai Tu Pasaporte;Eje vial Norte Verdugo 787 Interior 419;56926185067
482;Viajero Naútico Supernova;Viaducto Norte Almonte 991 659;56939649500
483;Destino Paraíso Mapa Viajero;Prolongación Cedillo 524 Edif. 993 , Depto. 555;56986370797
484;Puesta de sol Qualá Viajes;Periférico Sur Patiño 613 083;56903586261
485;Guía Travel Nova Adventure;Avenida Sur Santacruz 528 Interior 715;56989225399
486;Mapa Viajero Travelmaniaco;Diagonal Regalado 233 455;56955671703
487;Visión Viajera Paraíso Global;Peatonal Norte Pérez 676 Edif. 341 , Depto. 130;56913878860
488;Paso De Viaje Aires Travel;Calle Arriaga 208 Interior 630;56969136569
489;Novo Viajes Mundo Imperial;Calzada Papua Nueva Guinea 274 876;56938917642
490;De vuelta al sol En La Ruta;Prolongación República Federal Democrática de Nepal 803 Interior 467;56934803906
491;Giro 360 Giro 360;Andador Sur Limón 831 Interior 786;56940958800
492;Nómada Tours Visión Viajera;Prolongación Querétaro 011 Interior 121;56992527927
493;Punto de Partida Planifica Tours;Prolongación Maldivas 280 Interior 081;56902632200
494;Viajero Naútico ViveGeo;Peatonal Campeche 083 Edif. 546 , Depto. 211;56993182911
495;Tu Pasaporte Viaja para Contar;Circuito Durango 227 259;56930556907
496;Travelmaniaco Triport;Avenida Sur Peña 760 Interior 878;56947072743
497;Vaya Viajes! Mapa Viajero;Ampliación Nauru 131 473;56975279452
498;Tu Pasaporte Mentawai;Circunvalación Sur Corral 243 Interior 039;56970771014
499;Órbita Viajera Planifica Tours;Periférico Sur Pelayo 210 520;56909932141
